GSE91061,GSE61992,TCGA-SKCM,GSE91061|GSE61992
RNASE6,ATP5F1EP2,SPANXD,PBX3
ADA2,SLC25A23,AKTIPP2,CTSZ
SLC29A3,FKBP5,MRPS21P5,DAB2
HVCN1,TNFRSF21,RNA5SP162,ID2
CD86,CPOX,MIR518E,GSDME
DPEP2,S100A3,TRBV29OR9-2,BLOC1S6
LIPA,ANGPTL7,COL6A2-DT,GALNT11
C3AR1,IGKV1ORY-1,MIR153-1,UBE2F
CD84,TFAP2A,WNT5A-AS1,RCBTB2
MAFB,ZNF394,GIP,TAP1
TM6SF1,TMCO1,NHLH2,MBTPS1
CD33,GORASP2,CSGALNACT2P1,SRP14
IRF5,SS18L2,ADAM20P3,CFL1
HLA-DMB,VPS53,RPS16P2,
FKBP15,RBM34,HMGA1P1,
LAPTM5,DDX17,MIR367,
NAGK,CSE1L,MIR3689F,
CTSS,PNPT1,XGY1,
SLC15A3,PREP,MIR548H3,
ATG7,SUMO1P3,MIR6894,
TREM2,DNAJB1,SNORD116-23,
FCHO2,GFRA3,RNA5SP91,
NCKAP1L,YEATS2,CXCL3,
NFAM1,EIF1AX,RPL29P19,
ACP5,ARHGEF10,HMGA1P3,
IGSF6,IGFBP6,MIR196A1,
KCNJ5,RPL27,RPL21P14,
FPR3,TMEM147,RNA5SP160,
MFSD1,ANKRD37,RNA5SP297,
CXCL16,WIPI1,LINC02006,
LY86,RAMP2-AS1,MIR3173,
MPP1,HJURP,RNU1-63P,
PSAP,LINC00221,,
PTAFR,ATXN2,,
LILRA6,ZNF529,,
SYK,,,
TBXAS1,,,
SIGLEC9,,,
LAIR1,,,
HAVCR2,,,
CD68,,,
PRCP,,,
PARVG,,,
RAB42,,,
SIGLEC7,,,
PLXDC2,,,
CD300C,,,
TLR5,,,
CCR1,,,
HS3ST2,,,
LACC1,,,
PIK3R6,,,
GM2A,,,
PTPRO,,,
TMEM86A,,,
CD180,,,
BTK,,,
SLC8B1,,,
DOCK2,,,
CD4,,,
RNASET2,,,
CD300LF,,,
PIK3IP1,,,
SLC37A2,,,
PILRA,,,
SLC38A6,,,
NPL,,,
MS4A7,,,
MSR1,,,
CD300LB,,,
PLD3,,,
IRF8,,,
IL10RA,,,
CMKLR1,,,
MPEG1,,,
SLC7A7,,,
NPC2,,,
LSP1,,,
GAB3,,,
SOWAHD,,,
RNF135,,,
FCGR2B,,,
LGMN,,,
SLC36A1,,,
CRYBB1,,,
ADAP2,,,
CD14,,,
OTOAP1,,,
PKD2L1,,,
SUSD1,,,
SIRPB2,,,
ARHGAP30,,,
TYROBP,,,
TNFSF8,,,
SELPLG,,,
FGD6,,,
PLA2G15,,,
JAML,,,
CTSH,,,
ITGAM,,,
EEPD1,,,
MACROH2A1,,,
FTL,,,
FCGRT,,,
HLA-DMA,,,
CTSD,,,
EPHB2,,,
ZMYND15,,,
SCPEP1,,,
ACP2,,,
ST8SIA4,,,
UCP2,,,
LAMP1,,,
FLI1,,,
HLA-DRA,,,
ZNF385A,,,
TMEM37,,,
GRN,,,
SH3BGRL,,,
ITGB2,,,
MS4A4A,,,
GGTA1,,,
ARL11,,,
CYP1B1,,,
HLA-DPA1,,,
PTPN6,,,
ABCG1,,,
SPI1,,,
TLR7,,,
SNX29,,,
TNFAIP8L2,,,
TFEC,,,
APOBR,,,
WDFY4,,,
ADCY7,,,
FFAR4,,,
SLC66A3,,,
PLBD1,,,
TRPC2,,,
GRB2,,,
HLA-DPB1,,,
MS4A6A,,,
PLA2G7,,,
DNAJC5B,,,
ARHGAP25,,,
GPNMB,,,
LILRA2,,,
NLRC4,,,
MAN2B1,,,
BLOC1S2,,,
C3orf62,,,
FEZ2,,,
RNF130,,,
SIGLEC1,,,
CREG1,,,
HLA-DRB1,,,
TNFAIP2,,,
FLVCR2,,,
TDRD6,,,
ADORA3,,,
HTRA4,,,
TMSB4X,,,
PRR5L,,,
CDH23,,,
GUSB,,,
AP1B1,,,
DNASE2,,,
DOK2,,,
VOPP1,,,
HACD4,,,
OSBPL11,,,
CD74,,,
LACTB,,,
TMEM119,,,
BMF,,,
TLR4,,,
MARCHF1,,,
FUCA1,,,
ABCA1,,,
CD37,,,
AKR1B1,,,
BLVRB,,,
NBPF1,,,
NECAP2,,,
OSTF1,,,
HCK,,,
ANXA7,,,
RAB31,,,
ITGAD,,,
ANXA11,,,
IL10RB,,,
CAB39,,,
TMCC1,,,
SLC49A3,,,
SLCO2B1,,,
CPM,,,
CD300A,,,
SLC31A2,,,
CYP27A1,,,
UNC93B1,,,
DHRS9,,,
TMEM35B,,,
MILR1,,,
HLA-DOA,,,
DRAM2,,,
SLAMF8,,,
LILRB4,,,
NTAN1,,,
SASH3,,,
ATP6AP2,,,
LUM,,,
CYRIA,,,
TBC1D2,,,
TPST2,,,
WAS,,,
CCNYL1,,,
ARHGAP10,,,
LGALS9,,,
OTULINL,,,
NCEH1,,,
ARL4C,,,
CPVL,,,
HPGDS,,,
ARAP1,,,
TENT2,,,
CEBPA,,,
HS6ST1,,,
SIRPD,,,
ARHGDIB,,,
NCOA4,,,
LRRC25,,,
INPP5D,,,
TNFSF12,,,
SLC46A3,,,
C1orf162,,,
TCN2,,,
MFNG,,,
SLC43A2,,,
TDP2,,,
OTOA,,,
NCF4,,,
NR1H3,,,
CSTB,,,
CCDC170,,,
VWA5A,,,
ZDHHC7,,,
DNAAF9,,,
PI4K2A,,,
PDPN,,,
BCAT1,,,
TASL,,,
APBB1IP,,,
IL10RB-DT,,,
DDHD1,,,
TTC7A,,,
RASGEF1B,,,
C1orf127,,,
MARCKS,,,
COLEC12,,,
WBP1L,,,
B3GNT8,,,
CYTH1,,,
INPP4A,,,
PITHD1,,,
LTA4H,,,
SIGLEC8,,,
RASSF4,,,
PECAM1,,,
AGO4,,,
DOCK8,,,
IKZF1,,,
PRAM1,,,
ABHD12,,,
TBC1D12,,,
GAA,,,
LRP1,,,
GNGT2,,,
HLA-DQA1,,,
CDH11,,,
UBE2E2,,,
MGLL,,,
ATP8B4,,,
ARHGAP27,,,
PCED1B-AS1,,,
DAZAP2,,,
PINK1,,,
AKR1A1,,,
LDLRAD4,,,
FGD2,,,
RAB8A,,,
P2RX4,,,
RARRES1,,,
NAAA,,,
DOK1,,,
IRF2,,,
B3GNT2,,,
ATP6V0D2,,,
COMMD9,,,
SLC9A9,,,
BMP2K,,,
DHDH,,,
C1QC,,,
WNT2,,,
LILRB5,,,
MFRP,,,
VENTX,,,
SLC2A9,,,
PIK3CG,,,
PPM1M,,,
ARRB2,,,
LOXL1,,,
PTPN18,,,
RHOG,,,
PTBP3,,,
DEXI,,,
RAP2B,,,
GPX1,,,
ARPIN,,,
ALKAL2,,,
PTPRN2-AS1,,,
KCTD12,,,
CAPZB,,,
ACRBP,,,
CREBL2,,,
ARRDC2,,,
NUPR1,,,
MANBA,,,
GLRX,,,
AMPD3,,,
FERMT3,,,
BABAM2,,,
RNF111,,,
PLPP3,,,
TFEB,,,
SUMO3,,,
APOE,,,
KCNJ5-AS1,,,
GALNT1,,,
OSCAR,,,
PLXND1,,,
CALM3,,,
SUMF1,,,
IFNGR1,,,
RNF13,,,
CLEC7A,,,
CLN8,,,
GABARAP,,,
THEMIS2,,,
CD83,,,
TMEM273,,,
LY9,,,
APBA1,,,
ACVRL1,,,
KLHDC8B,,,
APH1B,,,
AOAH,,,
GLIPR2,,,
ACTR2,,,
HLA-DRB6,,,
HLA-DQB1,,,
SLC47A1,,,
ADPRH,,,
TMEM19,,,
C1QB,,,
GNAI2,,,
TNFSF13,,,
LGI2,,,
PRSS36,,,
STX4,,,
HEXB,,,
RCSD1,,,
RIN2,,,
GLIS2,,,
RBPJ,,,
TMEM50A,,,
CYTH4,,,
RAB20,,,
MYO1F,,,
C1orf54,,,
AIF1,,,
ADAM12,,,
TMEM144,,,
ISCU,,,
DYRK4,,,
SLC26A11,,,
GLIPR1,,,
ZRSR2,,,
EMILIN2,,,
ARPC3,,,
APOC1,,,
SGMS1,,,
ADGRE4P,,,
NCF1C,,,
SNX24,,,
SMPDL3A,,,
HLA-DQB2,,,
KIAA0513,,,
CMIP,,,
RAB10,,,
FCGR2A,,,
DSE,,,
GSTM5,,,
FOLR2,,,
SNAI3,,,
EIF4E2,,,
MBD2,,,
ROR2,,,
C1QA,,,
RHOA,,,
BIN2,,,
SLC12A8,,,
SPATA7,,,
KCNMA1,,,
CAPG,,,
ITM2B,,,
CSGALNACT2,,,
STX11,,,
MXRA5,,,
TMEM9B,,,
RMDN3,,,
CYBB,,,
DPYD,,,
CFD,,,
GGA2,,,
GPR34,,,
DENND4C,,,
RUFY1,,,
HEBP1,,,
TRAF3IP3,,,
FCER1G,,,
MKNK1,,,
TMEM106A,,,
COQ2,,,
TBC1D1,,,
MCOLN1,,,
BNIP2,,,
IQGAP2,,,
SUCNR1,,,
JAK1,,,
SNX2,,,
FOXN3,,,
TSHZ3,,,
AP2A2,,,
SLFN11,,,
BRI3,,,
ACE,,,
SMAP2,,,
HCLS1,,,
SIGLEC17P,,,
PPT1,,,
FDX1,,,
GIMAP1,,,
GADD45G,,,
CD28,,,
CMTM3,,,
FCGR1A,,,
ALOX5,,,
NFATC3,,,
FMO1,,,
FTH1,,,
RAP1A,,,
MGAT4A,,,
MAF,,,
RNASE1,,,
C3orf80,,,
SGPL1,,,
ITSN2,,,
DOK3,,,
SCIMP,,,
SETD3,,,
B2M,,,
SQOR,,,
TMEM127,,,
HIPK3,,,
TPP1,,,
OTUD1,,,
TK2,,,
ZNF710,,,
PDE6G,,,
ADPGK,,,
CAMK1D,,,
KCNMB1,,,
CALML4,,,
BORCS7,,,
VAV1,,,
CCDC69,,,
OMD,,,
DEDD2,,,
PITX1-AS1,,,
ABI3,,,
CNEP1R1,,,
ERMAP,,,
MR1,,,
PODN,,,
CCDC115,,,
TBC1D2B,,,
PLCL2,,,
TRERF1,,,
FABP3,,,
EVI2B,,,
ATP9B,,,
RHEX,,,
RRN3P1,,,
RREB1,,,
PLCG2,,,
CCN5,,,
KAT8,,,
CZIB,,,
RILP,,,
CCL5,,,
DDX6,,,
JDP2,,,
CORO7,,,
TMEM219,,,
NINJ2,,,
NRBF2,,,
HEXA,,,
GCHFR,,,
PSEN1,,,
CYP20A1,,,
PCBP1-AS1,,,
ZFP36L2,,,
NHSL2,,,
LILRB1,,,
KDM2B,,,
CCRL2,,,
ATP6V0E1,,,
GMIP,,,
LOC100129034,,,
BLNK,,,
HPSE,,,
NOTCH2,,,
LAPTM4A,,,
S100A11,,,
ZFHX3,,,
ZNF438,,,
PNMA8B,,,
DRC12,,,
TNFRSF8,,,
ALK,,,
DOCK11,,,
CARD8-AS1,,,
CTDNEP1,,,
ZC3H12D,,,
ADAM9,,,
RSPO3,,,
ASAH1,,,
PDCL,,,
LINC00900,,,
CAMKK1,,,
EMB,,,
MOB3C,,,
LPXN,,,
HNMT,,,
ARHGAP17,,,
SOAT1,,,
CPA3,,,
SCAMP2,,,
EVL,,,
CYBA,,,
CD244,,,
IL1R1,,,
TRIM14,,,
LYL1,,,
ARRDC4,,,
CD209,,,
ATP6V0D1,,,
ETV6,,,
GALM,,,
IFNAR1,,,
SGPP1,,,
RBMS2,,,
C1QTNF7,,,
PIAS1,,,
SDS,,,
ANGEL1,,,
CFLAR,,,
RNF166,,,
SLC8A1,,,
RABGAP1L,,,
MMP19,,,
TMEM52B,,,
KLRF1,,,
GAS6,,,
HEXA-AS1,,,
BTBD7,,,
SLC17A5,,,
SLC12A6,,,
TMEM138,,,
ENG,,,
SH3RF3,,,
ZCCHC2,,,
MGAT1,,,
MMD,,,
KCTD11,,,
GINM1,,,
ING2,,,
SP3,,,
ARL5A,,,
VAMP8,,,
DCN,,,
TMEM156,,,
NCK1,,,
PLBD2,,,
ADRA2A,,,
CXCL12,,,
CRISPLD2,,,
MGST2,,,
ZFYVE26,,,
APLP2,,,
PLEKHM1,,,
GMFG,,,
IQSEC2,,,
FGFR1OP2,,,
HSD17B4,,,
CD163L1,,,
STK40,,,
LINC01140,,,
WDR7,,,
CYFIP1,,,
ACOT13,,,
ZBTB4,,,
PPIC,,,
LMBRD1,,,
NRBP1,,,
SPOP,,,
COL6A3,,,
PCSK5,,,
CARD8,,,
ORAI3,,,
MAP3K2,,,
PTPN22,,,
DGLUCY,,,
USP30,,,
USF2,,,
ZNF18,,,
LAT2,,,
CSF1R,,,
M1AP,,,
EGFL6,,,
GSAP,,,
PGD,,,
CD52,,,
KCTD18,,,
MAPKAP1,,,
COL8A2,,,
ANKRD29,,,
CASP10,,,
CCDC93,,,
RPS6KA1,,,
TNFAIP8,,,
NAGLU,,,
TALDO1,,,
DUSP28,,,
PLEKHB2,,,
DCAF5,,,
SNX18,,,
RPS6KA2,,,
MARCHF2,,,
ST6GALNAC6,,,
HSPBAP1,,,
CXCR4,,,
VGLL3,,,
FAM124B,,,
BGN,,,
LINC02035,,,
NINJ1,,,
TUBGCP2,,,
KLHL6,,,
OGFRL1,,,
LTBP2,,,
CHST15,,,
TRAF3,,,
ZNF25,,,
SDHD,,,
GLA,,,
KIAA0930,,,
CHRNA1,,,
SIRPA,,,
LRRC15,,,
PDE1B,,,
SLC46A2,,,
MRC1,,,
PCED1B,,,
MOB3A,,,
PPARG,,,
MS4A14,,,
MXRA8,,,
VASH1,,,
DCTD,,,
VEGFB,,,
LINC01094,,,
NCOA1,,,
EPB41L1,,,
GNS,,,
HECA,,,
RIN3,,,
SLC6A6,,,
PIK3R5,,,
JAM2,,,
SAMHD1,,,
OLFML2B,,,
PPP3CB,,,
USP3,,,
TXNIP,,,
PDXK,,,
SLC25A34,,,
CPZ,,,
FBLN1,,,
CD9,,,
OLFML1,,,
GLT8D2,,,
CALHM2,,,
NCF1,,,
NR3C1,,,
FMNL1,,,
FAM20C,,,
PLCB2,,,
CXorf38,,,
MOB1A,,,
ITSN1,,,
NFYB,,,
DUS2,,,
FZD1,,,
HEIH,,,
PPP1R9B,,,
MED11,,,
PSTPIP1,,,
ATXN1,,,
ACTB,,,
EPC1,,,
FMNL3,,,
NAPSB,,,
PCBP1,,,
MANSC4,,,
SCAF11,,,
CCDC28A,,,
PPP3CA,,,
CIAO2A,,,
CTDSP1,,,
FGF7,,,
KLRG1,,,
PRKACA,,,
FAM78A,,,
GPR68,,,
APPL2,,,
PIK3AP1,,,
ELMO1,,,
RNASEH2B,,,
ADAMTS10,,,
TPRA1,,,
CEP120,,,
DPYSL3,,,
COL5A1,,,
MBNL1,,,
ARMH3,,,
EPYC,,,
ZSCAN32,,,
ZFP36L1,,,
SERPINB6,,,
PLEKHA1,,,
FECH,,,
RALB,,,
LEPROT,,,
IST1,,,
RAPGEF1,,,
C2orf74-DT,,,
CLN6,,,
TMEM26,,,
MTMR14,,,
CEBPA-DT,,,
STX5,,,
BCAP31,,,
DNASE1L1,,,
CCR5,,,
TBC1D9B,,,
TRAPPC12,,,
CORO1C,,,
DAPP1,,,
TRPM2,,,
PTCH2,,,
SLC46A1,,,
RNH1,,,
NID2,,,
LILRA4,,,
OSR2,,,
TMEM39B,,,
TNS1,,,
ABI1,,,
DRAM1,,,
ZNF763,,,
ANXA4,,,
DEF6,,,
PRXL2C,,,
DOP1B,,,
RAB8B,,,
MYO1G,,,
RTN3,,,
ZMYM6,,,
NSF,,,
TMEM150B,,,
GZMA,,,
SNHG12,,,
NCF1B,,,
SH3BP2,,,
SH3GLB1,,,
OS9,,,
PPP3R1,,,
CLECL1P,,,
SYNJ1,,,
CLEC4A,,,
NABP1,,,
CLEC10A,,,
SVBP,,,
STIM1,,,
IGFBP4,,,
DHRS3,,,
WT1,,,
VCAN,,,
ARNT,,,
GZMK,,,
ARHGAP22,,,
OAZ1,,,
ZNF589,,,
RIC1,,,
RGS19,,,
TMEM150A,,,
TMBIM6,,,
RAB9A,,,
CST3,,,
ZNF469,,,
CHST13,,,
YWHAH,,,
DOCK4,,,
COL6A6,,,
LAMTOR1,,,
SLC35F6,,,
TPSAB1,,,
STX18,,,
PPP1R7,,,
FGD5,,,
TRAPPC10,,,
ME1,,,
CTDSP2,,,
IQSEC1,,,
DENND2D,,,
PLIN2,,,
CCDC200,,,
RRAGD,,,
CNRIP1,,,
GPX4,,,
FBLN2,,,
SLC40A1,,,
CALM2,,,
EPAS1,,,
SULF2,,,
SNX5,,,
DMXL2,,,
RAB1A,,,
MAN1A1,,,
ACOT4,,,
STAB1,,,
IL13RA1,,,
AAK1,,,
DSEL,,,
TGFBR2,,,
LRRFIP1,,,
SAMD3,,,
SYNGR2,,,
SAR1A,,,
VPS8,,,
ZMIZ1,,,
LILRB2,,,
PTGFR,,,
RAB21,,,
FAP,,,
FCHSD2,,,
PGBD5,,,
RGS10,,,
CCDC32,,,
PDE4A,,,
HDAC3,,,
UBE2J1,,,
GTDC1,,,
CYB5R4,,,
CDKN1B,,,
ABHD15,,,
TLL1,,,
DENND5A,,,
CSF1,,,
EVI2A,,,
GPCPD1,,,
PDGFRB,,,
FGD3,,,
ACVR2A,,,
CD53,,,
NDST2,,,
LRCH1,,,
KERA,,,
SH2D3C,,,
PLEKHO2,,,
MAPK13,,,
GIMAP4,,,
ADGRA2,,,
USP25,,,
ZNF436,,,
THY1,,,
AHNAK,,,
MBD4,,,
CD81,,,
CAPNS1,,,
ARHGAP18,,,
POU2F2,,,
FDXACB1,,,
SPIN1,,,
UBASH3A,,,
TMEM167B,,,
NLRP12,,,
RNF141,,,
SLC48A1,,,
BEND6,,,
KCNK6,,,
OLR1,,,
CD200R1,,,
SERTAD3,,,
C5AR1,,,
DCANP1,,,
BICC1,,,
ABI3BP,,,
HCFC2,,,
PLAU,,,
DAGLB,,,
GJA5,,,
CHMP4B,,,
RIPK3,,,
MCUB,,,
HHIPL1,,,
CD99L2,,,
ZDHHC3,,,
THUMPD1,,,
TGFB3,,,
MPND,,,
RBMS1,,,
SLC10A7,,,
CDC42,,,
CREB1,,,
ARHGAP27P1,,,
PHKG2,,,
EFR3A,,,
RAB3IL1,,,
RAB18,,,
PDE8A,,,
COL4A4,,,
PAPLN,,,
SIRPB1,,,
SELENOP,,,
RGL1,,,
HADHA,,,
ADAMDEC1,,,
RALA,,,
GNPTG,,,
SDCCAG8,,,
WASHC3,,,
RAP2C,,,
MAP2K4,,,
TOR3A,,,
PAOX,,,
FGR,,,
EIF4E3,,,
GPR183,,,
UBE2D1,,,
KLF10,,,
PHF11,,,
TP53I11,,,
ACOT2,,,
CERCAM,,,
HCST,,,
TPK1,,,
STAC3,,,
TFE3,,,
SNORD99,,,
PDGFRA,,,
JUN,,,
ZNF624,,,
KCNK13,,,
PTGS1,,,
ANKRD13A,,,
TAB2,,,
C1QTNF6,,,
CTSB,,,
KBTBD8,,,
CCNG2,,,
ATP6V1A,,,
ZBTB14,,,
FOXP1,,,
PRKAG2,,,
CMKLR2,,,
NCF2,,,
TPCN1,,,
ARHGAP1,,,
EXOC1,,,
CAMK2G,,,
ACTR3,,,
PRR13,,,
ZFP90,,,
DHRS12,,,
UBE2R2,,,
C2CD5,,,
TREML1,,,
PDPK1,,,
NUBP1,,,
SDHAP1,,,
NRIP2,,,
PDE4DIP,,,
CYSLTR1,,,
LINC01547,,,
TERF2,,,
VPS26B,,,
LAG3,,,
HMOX1,,,
ATP5PO,,,
ALDH3B1,,,
ATP10D,,,
LGALS3,,,
SBF2,,,
VPS13C,,,
TPRG1,,,
SFRP2,,,
CCN4,,,
ZCCHC8,,,
CPNE2,,,
RASGRP4,,,
FNBP1,,,
EML4,,,
IL4R,,,
PPP1R21,,,
LHFPL2,,,
ARSB,,,
GABPA,,,
MYCL,,,
RBM43,,,
CYB5D2,,,
FAM110D,,,
ARL2BP,,,
FBXO36,,,
IL18,,,
C9orf78,,,
RBP1,,,
KCNE3,,,
NEURL1B,,,
KLF11,,,
VEZT,,,
SH3BGRL3,,,
RAB5C,,,
PLXDC1,,,
ZNF846,,,
SMARCA2,,,
ITGAL,,,
SUFU,,,
UNC50,,,
ARHGAP9,,,
JCAD,,,
RAB35,,,
CEPT1,,,
PIK3R1,,,
SH3KBP1,,,
ALKBH8,,,
FZD2,,,
PRDM2,,,
MICU1,,,
DPP4,,,
ZMIZ1-AS1,,,
CRY2,,,
SLC2A8,,,
KIAA1217,,,
NMT2,,,
PLEKHM2,,,
PYCARD,,,
ETFBKMT,,,
AKNA,,,
TBL1X,,,
LILRA1,,,
CCDC92,,,
CCDC88A,,,
COL1A2,,,
VAC14,,,
PCOLCE,,,
WIPF1,,,
VTI1B,,,
DDAH2,,,
UBXN4,,,
CRYAA,,,
B4GALT1,,,
LAMTOR3,,,
MYD88,,,
KLF13,,,
IFITM10,,,
SPOPL,,,
FAM20A,,,
PCBP2,,,
EEF1AKMT2,,,
FCGR3A,,,
GNB4,,,
SNN,,,
CARD6,,,
EFHD2,,,
RUNX1T1,,,
TMEM255A,,,
ELF2,,,
IL18BP,,,
TXNDC12,,,
PLD2,,,
UBE2D4,,,
ISLR,,,
FAM149B1,,,
KIDINS220,,,
PCF11,,,
KANSL3,,,
PLAGL1,,,
COL1A1,,,
ITPRIPL2,,,
ARPC2,,,
BLTP3B,,,
NOD1,,,
CRLF3,,,
KLRB1,,,
NOTCH2NLA,,,
EMC3,,,
GLG1,,,
ATAD2B,,,
FCER1A,,,
RTN4,,,
MAX,,,
NAGPA,,,
SLAMF6,,,
PARP12,,,
BBOF1,,,
MTERF4,,,
TMEM170A,,,
KANSL1-AS1,,,
FCGR1BP,,,
MTHFR,,,
CDV3,,,
CLIC2,,,
IFNGR2,,,
ACP1,,,
SHLD1,,,
EFEMP2,,,
SMIM7,,,
DNM1,,,
DDX3X,,,
MIR142,,,
VAMP3,,,
PTP4A2,,,
CLDN23,,,
CALCOCO1,,,
ARRB1,,,
CAMKK2,,,
XPA,,,
YPEL5,,,
DTX1,,,
TBRG1,,,
IAH1,,,
CCDC6,,,
CEP68,,,
DNAJB12,,,
PPP2R5C,,,
CRTAM,,,
AKAP13,,,
SF3B1,,,
ATF7,,,
ATOSA,,,
PAPOLG,,,
NMRK1,,,
MED13L,,,
LHPP,,,
FOXO3,,,
ZNG1A,,,
KMO,,,
COPZ2,,,
MCTP1,,,
ATF2,,,
CD177,,,
CMTR2,,,
ASB1,,,
NHLRC3,,,
STX6,,,
ACAP2,,,
YPEL2,,,
CALHM5,,,
NDUFA1,,,
CCDC82,,,
GALNS,,,
TAOK3,,,
TET3,,,
GLYR1,,,
BNIP3L,,,
PARP11,,,
CD48,,,
FIG4,,,
ADCY3,,,
RNF146,,,
GNA15,,,
QKI,,,
KCTD10,,,
RAP1B,,,
GATA2,,,
MYOF,,,
WASHC4,,,
MRGPRF,,,
GOLM2,,,
PHAF1,,,
CASP8,,,
TMEM218,,,
TRAC,,,
TSPAN4,,,
CHID1,,,
FILIP1L,,,
EEF1AKMT3,,,
FAM228B,,,
ATG4C,,,
SMAD1,,,
PIM1,,,
RAB14,,,
CD248,,,
COL6A1,,,
WNK1,,,
GAPT,,,
AKAP10,,,
RABEP1,,,
SFMBT2,,,
PDE7A,,,
PCSK7,,,
SEPTIN2,,,
RPL23AP7,,,
HERC1,,,
CMAHP,,,
IDS,,,
GUCY1A1,,,
GLB1,,,
SERINC1,,,
COL3A1,,,
ECEL1,,,
DUSP18,,,
TIPARP,,,
CDC42SE2,,,
MAN2B2,,,
ATP6V1F,,,
ME3,,,
TWSG1,,,
PAGR1,,,
GNPDA1,,,
ZNF211,,,
NECAP1,,,
C2orf68,,,
AQR,,,
COLGALT1,,,
GPR171,,,
EFCAB14,,,
UPRT,,,
GALC,,,
CDR2,,,
DIS3L,,,
RSRC2,,,
TBC1D22A,,,
STX8,,,
MPPE1,,,
ANTXR1,,,
PRSS56,,,
ZNF358,,,
SYNE1,,,
GRK2,,,
RNASEL,,,
HADHB,,,
GBGT1,,,
COL16A1,,,
GGT5,,,
PACS2,,,
PALLD,,,
FBXO42,,,
TMEM216,,,
GDE1,,,
C5AR2,,,
BLOC1S3,,,
FUT4,,,
CLEC14A,,,
LEP,,,
ZFAND5,,,
EGR2,,,
WAC-AS1,,,
TRG-AS1,,,
OAZ2,,,
PPP2R2D,,,
PRKG1,,,
VPS26C,,,
EIF4G2,,,
FAM110A,,,
CYBRD1,,,
ZEB2,,,
AMFR,,,
TIFAB,,,
CTSK,,,
EIF4EBP2,,,
MRC2,,,
REEP5,,,
TBC1D9,,,
HSPA12B,,,
MIDEAS,,,
PNKD,,,
MGST3,,,
SLC10A3,,,
CYBC1,,,
VCL,,,
IL15,,,
NENF,,,
GNA12,,,
CHST7,,,
VAPA,,,
ZNF230,,,
ERG,,,
GZMH,,,
PGAP3,,,
MGMT,,,
ZRANB1,,,
CXCL14,,,
MFSD13A,,,
ATXN1L,,,
ADIPOR1,,,
CPNE8,,,
RP2,,,
CCDC159,,,
S1PR1,,,
CLIP4,,,
SH3PXD2A,,,
IFNAR2,,,
ECM2,,,
ATRAID,,,
HRH1,,,
GJA1,,,
IQGAP1,,,
ATMIN,,,
ZNF521,,,
PSME4,,,
COL12A1,,,
GAS5-AS1,,,
HEATR3,,,
PITPNA,,,
ITGA11,,,
TCF4,,,
IMPACT,,,
PARL,,,
SLC9A6,,,
ACOT1,,,
WDR44,,,
MIR22HG,,,
SLC4A1AP,,,
TSPAN2,,,
RIT1,,,
CDS2,,,
SPPL2A,,,
ZYX,,,
NBDY,,,
HNRNPUL2,,,
SMYD4,,,
TEKT5,,,
STX12,,,
RNASEK-C17orf49,,,
SLC49A4,,,
NUAK1,,,
XG,,,
ZNF747,,,
SPAST,,,
TOR2A,,,
ISY1,,,
INO80,,,
PRKX,,,
KLF3,,,
RNPEPL1,,,
ZNF423,,,
SMOC2,,,
SLAIN2,,,
MARF1,,,
HEPH,,,
TBL1XR1,,,
ABHD3,,,
UBAC1,,,
GPR65,,,
FERRY3,,,
ANAPC7,,,
VPS35L,,,
GIMAP2,,,
HLA-DQA2,,,
AGPS,,,
PTGIS,,,
ITGB5,,,
EGLN3,,,
NDFIP1,,,
RAI2,,,
MAP7D1,,,
EEIG2,,,
F13A1,,,
MTIF3,,,
RBM22,,,
ACAD8,,,
MARCHF7,,,
RCBTB1,,,
CXCL9,,,
MAPK9,,,
PABIR1,,,
OSGEP,,,
APBB2,,,
ZNF615,,,
SNX20,,,
SMG6,,,
HSD17B14,,,
HERC3,,,
CCSER2,,,
TXNDC11,,,
SPARC,,,
LY75,,,
MAPK14,,,
RASAL3,,,
SETD7,,,
SAMD4A,,,
ASB8,,,
MIF4GD,,,
SLC25A19,,,
TPM1,,,
NAGA,,,
RASL12,,,
TLE3,,,
ZNF746,,,
EPB41L2,,,
ELF4,,,
MFAP4,,,
CD164,,,
MMRN2,,,
ICOSLG,,,
PAFAH1B1,,,
ADAMTS12,,,
LINC01235,,,
APMAP,,,
ANXA6,,,
TNFRSF1A,,,
NFKB1,,,
COMMD1,,,
PEPD,,,
LFNG,,,
HELQ,,,
CDK9,,,
PRICKLE1,,,
FAIM,,,
TLK1,,,
ZMAT5,,,
ACKR1,,,
AMPH,,,
ARHGEF6,,,
AKAP5,,,
PREX1,,,
CCDC80,,,
MYL5,,,
CAP1,,,
RGMA,,,
VSIG10L,,,
CXCR3,,,
VSTM4,,,
ACTR1A,,,
SHLD2,,,
PPM1L,,,
TMEM70,,,
YPEL3,,,
DPT,,,
HECTD2,,,
LMO2,,,
MMP2,,,
ORMDL2,,,
RAB3GAP1,,,
TRIM8,,,
ANAPC16,,,
CTSC,,,
FOXJ2,,,
TANK,,,
SIRT2,,,
RASSF2,,,
HDLBP,,,
EML1,,,
CLMP,,,
TOR1B,,,
ATG16L2,,,
RESF1,,,
AGPAT4,,,
RAB32,,,
CAMK1,,,
SPPL3,,,
GIMAP6,,,
PTK2B,,,
C11orf21,,,
MYADM,,,
MAP1A,,,
ADCK2,,,
EZH1,,,
R3HDM1,,,
SPON1,,,
MED29,,,
ZNF383,,,
ZYG11B,,,
SIK3,,,
SPCS3,,,
ZNF180,,,
P2RY13,,,
RABGAP1,,,
CST5,,,
HAUS4,,,
PKNOX1,,,
PHYKPL,,,
CHASERR,,,
ZZEF1,,,
GPR146,,,
DBNL,,,
FUCA2,,,
CMC4,,,
CBL,,,
SERF2,,,
CYRIB,,,
CLK4,,,
MPV17,,,
DIPK2A,,,
BOC,,,
CACUL1,,,
LST1,,,
HSD3B7,,,
TRIP10,,,
COMMD3,,,
MAP3K20,,,
HIC1,,,
ATP23,,,
NLRP3,,,
CPE,,,
HAPSTR1,,,
CTSO,,,
FAM120AOS,,,
YTHDC1,,,
STK38,,,
STON2,,,
SMARCC2,,,
FLJ20021,,,
AP3S1,,,
TWIST2,,,
ZNF761,,,
TNKS2,,,
RSC1A1,,,
PCBD2,,,
ELAPOR2,,,
NPTN,,,
TAF12,,,
CCL3,,,
LRRK1,,,
TRIM38,,,
CNOT6L,,,
THYN1,,,
BET1L,,,
RBL2,,,
MAPRE2,,,
CILP,,,
SPAG7,,,
EEF2K,,,
IQCG,,,
RASSF1,,,
TAGLN,,,
ZNF879,,,
PEA15,,,
LPAR5,,,
PIP5K1C,,,
SLC36A4,,,
ZNF585A,,,
CHD2,,,
DYNC1I2,,,
VHL,,,
WDR11,,,
PRRX2,,,
DDX28,,,
BLVRA,,,
LITAF,,,
USP4,,,
VWF,,,
CPPED1,,,
CCL18,,,
TPRG1L,,,
LDB2,,,
TGOLN2,,,
ANAPC13,,,
TEK,,,
FMO2,,,
ARID4A,,,
COX4I2,,,
ZC3H10,,,
CCDC149,,,
RASGRP3,,,
SYNC,,,
NLRP1,,,
GPR82,,,
RPL23AP82,,,
MATK,,,
UBXN11,,,
PUS10,,,
DIPK2B,,,
CYLD,,,
TLN1,,,
CR1,,,
PGGT1B,,,
TPSB2,,,
ZNF449,,,
SMAD2,,,
ECPAS,,,
NUMB,,,
LOC374443,,,
CD93,,,
HLA-DRB5,,,
STRN,,,
ANO6,,,
PFDN5,,,
NDUFV3,,,
LASP1,,,
ABCC5,,,
COL6A2,,,
MYL12A,,,
CRK,,,
MINK1,,,
LSM6,,,
TBX15,,,
RRAGC,,,
SYS1,,,
TMEM42,,,
TENT5A,,,
SKAP2,,,
HLA-E,,,
ZBED5,,,
SON,,,
WDR91,,,
MSN,,,
RNF103,,,
TMEM200A,,,
ASAP3,,,
HTRA3,,,
PPP4R1,,,
ADAM33,,,
GATD3,,,
UBTD2,,,
SNX17,,,
MYO9B,,,
FAM117A,,,
MAP3K5,,,
TSC1,,,
NDUFA12,,,
SUMO1,,,
RXRA,,,
ZNF30,,,
GBP1,,,
F8,,,
NFU1,,,
TMEM176B,,,
SMIM15,,,
RIPOR1,,,
ADD1,,,
ZNF304,,,
CNOT8,,,
NOP10,,,
SNX11,,,
ARL15,,,
SLC28A3,,,
CCR2,,,
TOM1L1,,,
SRD5A3,,,
RASL11A,,,
ZNF700,,,
ARHGEF15,,,
MEDAG,,,
FARP1,,,
TP53I3,,,
FBXO11,,,
C1orf174,,,
SULF1,,,
NPPC,,,
MRO,,,
APAF1,,,
FBXO8,,,
ADCY4,,,
HSPA7,,,
PPCS,,,
CNPPD1,,,
EFEMP1,,,
APC,,,
NDUFA10,,,
HERC2,,,
RAC1,,,
STAT5B,,,
COL5A2,,,
ATP6AP1,,,
BTG2,,,
CELF6,,,
PRDM4,,,
FUT11,,,
ZNF583,,,
ASNSD1,,,
KCTD17,,,
FAM168B,,,
BLCAP,,,
RNF10,,,
CSK,,,
CTHRC1,,,
TMOD3,,,
DNAJC27,,,
IGF1,,,
FABP6,,,
TRPS1,,,
SLC35E3,,,
CD6,,,
LRP11,,,
ZBED2,,,
DNAJC17,,,
PLEKHM3,,,
PDE6B,,,
PEAK1,,,
ACOT7,,,
APH1A,,,
IGFLR1,,,
ITFG2,,,
FSTL1,,,
ZNF592,,,
UNC5B,,,
PTPRC,,,
PDXDC1,,,
ZDHHC17,,,
BACE1,,,
UQCR10,,,
ALG9,,,
MPC1,,,
ST14,,,
VPS54,,,
ACKR3,,,
ZNF185,,,
GRAMD4,,,
KLHDC1,,,
EFCAB11,,,
SORCS2,,,
DCAF6,,,
CCDC8,,,
ZNF585B,,,
MEF2A,,,
ARMC7,,,
DHDDS,,,
CASP4LP,,,
CERT1,,,
PRKCH,,,
TRIO,,,
STMN2,,,
PSMB6,,,
TGFBR1,,,
RCN3,,,
IL2RG,,,
ACTA2,,,
NDUFB10,,,
CPEB4,,,
PBDC1,,,
PHF2,,,
C14orf28,,,
SLC1A3,,,
HERPUD2,,,
ALDH9A1,,,
CIITA,,,
TIRAP,,,
PPM1A,,,
ZNF564,,,
BIN1,,,
ZFX,,,
CYP26B1,,,
PYM1,,,
MAPKAPK5-AS1,,,
RHNO1,,,
CWC22,,,
BTBD1,,,
RUFY2,,,
THAP8,,,
IKZF5,,,
SNX19,,,
EBAG9,,,
C6orf62,,,
SPTY2D1,,,
CLK1,,,
COL6A5,,,
VPS29,,,
TMBIM1,,,
ZNF671,,,
DCLRE1B,,,
PEF1,,,
CWF19L2,,,
AP3B1,,,
RBM47,,,
SETX,,,
ZSWIM6,,,
INIP,,,
TMEM91,,,
CCDC12,,,
ELMOD3,,,
CTTNBP2NL,,,
ZNF2,,,
DYRK1A,,,
DEF8,,,
ZNF813,,,
MYO1E,,,
CUTC,,,
STK4,,,
PEX11G,,,
ME2,,,
HERPUD1,,,
MFAP5,,,
EBF1,,,
SCAMP1,,,
SCARNA9,,,
LYSET,,,
CTSG,,,
SCN4B,,,
ARL8B,,,
TBK1,,,
ARL6IP1,,,
FTCDNL1,,,
BCL6B,,,
TXN,,,
RARS2,,,
FBXL5,,,
AP4B1,,,
SRBD1,,,
HFE,,,
KLF6,,,
TMC8,,,
VIPAS39,,,
ZNF155,,,
SLC22A15,,,
WDR45,,,
C2CD2,,,
FBN1,,,
ANKRD22,,,
GBP1P1,,,
MAN1C1,,,
LRRC32,,,
AP5M1,,,
SMIM20,,,
STS,,,
SIRT1,,,
CNOT2,,,
GRK3,,,
ZNF440,,,
MAPK3,,,
WHAMMP1,,,
BLOC1S1,,,
SCARF1,,,
GALNT10,,,
ANTXR2,,,
WDR37,,,
NMNAT1,,,
MCEE,,,
ANAPC4,,,
WDFY3,,,
SGF29,,,
PLGRKT,,,
ASAP1,,,
CCNY,,,
USP47,,,
RGCC,,,
TNFAIP8L1,,,
C2orf76,,,
MIR29C,,,
CYS1,,,
ATP5PF,,,
CDH5,,,
PSMD5,,,
ARHGAP4,,,
HS2ST1,,,
SMARCAL1,,,
SUPT7L,,,
MMP11,,,
ZNF143,,,
GPSM3,,,
TRMT5,,,
TRMO,,,
TM2D2,,,
ABCD4,,,
ECSCR,,,
MAPKAPK3,,,
CNPY3,,,
ARMCX6,,,
CHFR,,,
RSBN1,,,
ARPC5,,,
P2RX1,,,
MYCT1,,,
PHF21A,,,
MMP28,,,
FBXO38,,,
ZNF302,,,
SETD4,,,
OSBPL8,,,
CIRBP,,,
RTL5,,,
LINC00963,,,
COL8A1,,,
UBE2G2,,,
GCSAM,,,
IGSF10,,,
PDLIM2,,,
PRR5,,,
SFRP4,,,
PPP6C,,,
PLIN3,,,
TRA2A,,,
ANAPC10,,,
FAM161B,,,
TPM4,,,
IFNG,,,
POU6F1,,,
ANKRD33B,,,
FBXL3,,,
RABL3,,,
TEC,,,
POGLUT3,,,
SNX6,,,
HECTD3,,,
CYYR1,,,
PNRC1,,,
NT5C2,,,
M6PR,,,
MCU,,,
SDC2,,,
FAM114A2,,,
NUP62,,,
SNX3,,,
LINC01587,,,
TBC1D15,,,
ARB2A,,,
RAP2A,,,
PRDX3,,,
NUDT18,,,
SEL1L3,,,
UQCRC2,,,
UBR3,,,
ZNF354A,,,
TMCO3,,,
IDH1,,,
BATF2,,,
CTIF,,,
ATF1,,,
RSU1,,,
MIR99AHG,,,
ZNF174,,,
BCL10,,,
WAPL,,,
ELK3,,,
RASSF5,,,
MEF2C,,,
ZBTB34,,,
JHY,,,
POLD4,,,
CARF,,,
PREX2,,,
RHOQ,,,
SLC11A2,,,
LPAR1,,,
CBLN3,,,
IL4I1,,,
ANXA2R,,,
NRP1,,,
ZBTB11,,,
EPB41L3,,,
OST4,,,
SRSF7,,,
GET1,,,
CALD1,,,
SLC38A9,,,
TTC31,,,
ILK,,,
ITGBL1,,,
ADAMTS2,,,
SORBS3,,,
SLC25A45,,,
UBC,,,
RBM17,,,
ZNF331,,,
TSPYL1,,,
MSL2,,,
GAS1,,,
STXBP2,,,
CALHM6,,,
PLAC9,,,
USP7,,,
EIF1,,,
ZNF354B,,,
PIN4,,,
SGCG,,,
USP16,,,
FHL5,,,
CCDC22,,,
SAPCD2,,,
CD82,,,
LAMTOR2,,,
GABPB2,,,
ZBTB44,,,
DICER1,,,
FLII,,,
IL34,,,
LPP,,,
PPIG,,,
CTCF,,,
VPS39,,,
PTGFRN,,,
CRYZL1,,,
CCDC121,,,
TWF2,,,
ZEB1,,,
SAMD8,,,
EHD2,,,
DUSP11,,,
IDNK,,,
ADAMTSL4,,,
USP51,,,
NFIB,,,
N4BP2L1,,,
CREBBP,,,
ANKRD12,,,
TLR1,,,
BRWD1,,,
AATBC,,,
SH3BP5,,,
B3GNT9,,,
CDKN2AIP,,,
ZBTB7A,,,
LOC728743,,,
C9orf72,,,
FXYD6,,,
LINC01011,,,
FAM120A,,,
EYA2,,,
NAV1,,,
PAM,,,
CRYBG1,,,
FEM1C,,,
CCNT2,,,
GIMAP7,,,
HTR7P1,,,
MED28,,,
CIR1,,,
MSL3,,,
TRAPPC1,,,
HEATR5B,,,
EXOC5,,,
EFNB1,,,
SEC23A,,,
USP34,,,
LINC00312,,,
IRAG1,,,
HIGD1B,,,
PPP4R3A,,,
SWAP70,,,
PCNT,,,
C1QTNF2,,,
ANOS1,,,
ZMPSTE24,,,
S1PR3,,,
NBEAL2,,,
SHOC2,,,
PDCD1LG2,,,
ZBTB8OS,,,
CENPC,,,
YBX1,,,
RNPEP,,,
CDK14,,,
PRRX1,,,
ISM1,,,
SMAD7,,,
THEMIS,,,
BIRC6,,,
MB21D2,,,
PDGFRL,,,
TUBA1B,,,
PCMTD1,,,
RAMP2,,,
C2orf42,,,
ORMDL1,,,
NFE2L2,,,
AFF1,,,
MRAP,,,
SESN3,,,
ZNRF2,,,
PSME3IP1,,,
BMAL1,,,
SESN1,,,
FBXW2,,,
LY96,,,
NDUFB8,,,
FBLN7,,,
METTL25,,,
CUL3,,,
ZNF512,,,
LIPT1,,,
MAPK7,,,
SLA,,,
COA5,,,
PARP15,,,
TMEM109,,,
ADAM17,,,
SETMAR,,,
STARD8,,,
FBXO30,,,
MAPKAPK5,,,
ZNF706,,,
TRBC1,,,
CHURC1,,,
RHOU,,,
FBXW7,,,
RNF144A,,,
FBXO4,,,
EPHX1,,,
ZNF41,,,
NIPBL,,,
TBCEL,,,
ZMYND11,,,
GLT8D1,,,
STK39,,,
LAMP5,,,
ZMYM2,,,
FBXO34,,,
MAN2A1,,,
ZNF225,,,
CD40,,,
ZDHHC21,,,
ITGB1BP1,,,
HTRA1,,,
PSENEN,,,
GHDC,,,
TRAF6,,,
SLA2,,,
ARHGAP28,,,
ZNF136,,,
MIR331,,,
SOS2,,,
PHKB,,,
DAPL1,,,
ANKH,,,
FLCN,,,
ARHGAP45,,,
PHETA1,,,
METTL22,,,
TMEM170B,,,
TCIRG1,,,
AHSA2P,,,
MN1,,,
PTPRE,,,
RSPO4,,,
CNDP2,,,
AKAP11,,,
REV1,,,
POLR3GL,,,
WSB2,,,
ZNF85,,,
RARRES2,,,
ABTB1,,,
IFFO1,,,
BRK1,,,
DHRS7B,,,
UROS,,,
CCM2,,,
RNF181,,,
ERCC8,,,
SEC22B,,,
PRKAB1,,,
PI16,,,
ZNF511,,,
CFP,,,
ATG10,,,
DENND4A,,,
NADK,,,
PET100,,,
SIX2,,,
PCDH18,,,
LSP1P4,,,
SYNRG,,,
HS1BP3,,,
ATRX,,,
ZNF181,,,
DKK2,,,
DCUN1D2,,,
UBQLN2,,,
FKBP2,,,
PSMA1,,,
NCBP3,,,
ADK,,,
SLC38A7,,,
PRDX1,,,
ZBTB6,,,
ZBTB1,,,
FAM162B,,,
LINC00847,,,
FTO,,,
LEMD3,,,
DZIP1L,,,
IDH3G,,,
ZNF148,,,
OCIAD1,,,
NTM,,,
ULK2,,,
HTR2B,,,
ZNF691,,,
DDX19B,,,
DOP1A,,,
GNAI3,,,
KDM3B,,,
GLOD4,,,
TXLNB,,,
EBF2,,,
ROCK2,,,
FGF10,,,
GABRE,,,
ING4,,,
MAML1,,,
GOLGA1,,,
GPR108,,,
LMCD1,,,
PHACTR2,,,
ZNF175,,,
ZNG1B,,,
MMAA,,,
TMEM18,,,
LAYN,,,
UROD,,,
PODNL1,,,
ABCB10,,,
TBC1D5,,,
COL14A1,,,
CAPZA2,,,
ERP29,,,
MAST3,,,
TRAPPC2,,,
TRNP1,,,
ADCYAP1,,,
FOXD3,,,
NFATC1,,,
XPNPEP2,,,
APIP,,,
HPS6,,,
MXD4,,,
FZD4,,,
RPL36AL,,,
CCPG1,,,
SEC31A,,,
DIP2A,,,
GASK1A,,,
DCTN2,,,
YIPF1,,,
PCGF5,,,
RCOR1,,,
PDCD4-AS1,,,
NUCB1,,,
ELAC1,,,
QRICH1,,,
TRIM68,,,
IL17RA,,,
BCL2L1,,,
ATL3,,,
VSIG4,,,
PREB,,,
ACOT9,,,
EGFLAM,,,
PSMD7,,,
STARD3NL,,,
ALKBH5,,,
NUAK2,,,
PPIL3,,,
STAU2,,,
STAT6,,,
PTPRD,,,
AP4E1,,,
ZNF641,,,
HNRNPA0,,,
NELL2,,,
ZNF613,,,
PIP4P1,,,
ZNF570,,,
FAM76A,,,
TLR8,,,
FNDC3B,,,
TGFB1,,,
OAF,,,
GIGYF2,,,
MNDA,,,
SAP130,,,
CLIC5,,,
PJA2,,,
YWHAB,,,
CEMP1,,,
ARHGAP6,,,
TNS2-AS1,,,
MOB2,,,
NCOR1,,,
SMAP1,,,
STK10,,,
DYRK2,,,
RPS18P9,,,
DCP2,,,
PRMT9,,,
CD34,,,
A4GALT,,,
DAPK1,,,
ARHGEF18,,,
GFRA2,,,
CD163,,,
USP28,,,
FCF1,,,
NDUFB2,,,
SNRNP35,,,
CLEC3B,,,
CLDN5,,,
NLRC3,,,
ANKRD42,,,
GPATCH3,,,
FCGR2C,,,
PFDN1,,,
ITGAX,,,
FIBIN,,,
TET2,,,
OCEL1,,,
LINC03019,,,
ZNF646,,,
TTC39B,,,
TMEM256,,,
EHBP1L1,,,
S100PBP,,,
IL12RB1,,,
PRRC1,,,
TMUB2,,,
BBS2,,,
NEDD1,,,
ZCCHC4,,,
PDGFC,,,
MYL9,,,
PAFAH1B2,,,
NPRL3,,,
TMEM97,,,
NR2C1,,,
ARHGEF10L,,,
PRDM1,,,
ELP4,,,
TSHZ1,,,
SLC35F5,,,
IL10,,,
FOSL2,,,
ELL2,,,
DTWD1,,,
MLX,,,
ZW10,,,
UEVLD,,,
AZI2,,,
KDM5A,,,
ZNF559,,,
CHCHD10,,,
USF1,,,
SGSH,,,
AP2M1,,,
ATPAF2,,,
CHIT1,,,
FNIP2,,,
LUC7L,,,
STARD7,,,
P4HA3,,,
GNAQ,,,
KAT6B,,,
MSL1,,,
WDR82,,,
ARMC8,,,
MEAF6,,,
BCKDHA,,,
CAST,,,
BRCC3,,,
SOBP,,,
C12orf43,,,
PPM1B,,,
LHFPL6,,,
P3H3,,,
PPIP5K2,,,
TPD52L2,,,
LGALS8,,,
CHMP4A,,,
HSD17B11,,,
MARCHF5,,,
LUZP1,,,
CENATAC,,,
MYCBP2,,,
SERPINF1,,,
RANBP3,,,
WASF2,,,
ACVR1B,,,
GAB1,,,
CYB5R1,,,
CMA1,,,
CNN2,,,
PEX11B,,,
CAMLG,,,
RC3H1,,,
USP40,,,
TRAM2-AS1,,,
MSX1,,,
MGAT2,,,
AKIP1,,,
ZNF329,,,
HCFC1R1,,,
RBM4B,,,
SMARCE1,,,
PHF12,,,
TM2D3,,,
CDT1,,,
UXS1,,,
PRADC1,,,
RHBDD1,,,
MPDU1,,,
STMP1,,,
STYX,,,
COX4I1,,,
PEBP1,,,
RBM7,,,
KCTD7,,,
TESK1,,,
EPDR1,,,
TEX261,,,
RELT,,,
SCN1B,,,
PPP4R3B,,,
TMEM11,,,
IL1RAP,,,
HGSNAT,,,
SAP30L,,,
FAM110B,,,
MIR503HG,,,
VPS36,,,
AKR7A2,,,
NSMCE3,,,
ZNF816,,,
ABCC4,,,
KLF7,,,
FAM118B,,,
GBP4,,,
BASP1,,,
GALNT16,,,
POLR2J2,,,
SPRING1,,,
GPATCH2L,,,
CCL7,,,
FOXN3-AS1,,,
HIGD2A,,,
MTRFR,,,
DEDD,,,
GLUL,,,
FYB1,,,
CCNO,,,
ZNF845,,,
AKIRIN2,,,
SFT2D1,,,
ALOX15B,,,
ASCC1,,,
MIR497HG,,,
KCNJ13,,,
PUM2,,,
HECTD1,,,
TCHP,,,
ZNF32,,,
THAP11,,,
RECK,,,
MOCOS,,,
SEC11A,,,
ZFP91,,,
MRPS18C,,,
VPS4B,,,
CHCHD1,,,
RAB5A,,,
TMEM35A,,,
PPP1CB,,,
VPS11,,,
ACTR1B,,,
SCAF4,,,
ANKRD49,,,
RETREG2,,,
ZNF350,,,
FAM220A,,,
AXL,,,
MADD,,,
ABCC3,,,
TRAPPC2L,,,
NAA16,,,
RALGDS,,,
AACS,,,
ROCK1,,,
IFI27L2,,,
MMRN1,,,
CCDC97,,,
TIMP3,,,
MFHAS1,,,
NFX1,,,
KEAP1,,,
CD226,,,
RFTN1,,,
TRIM32,,,
FGD5-AS1,,,
SEC62,,,
ZNF638,,,
COPB1,,,
SORL1,,,
ABRAXAS2,,,
RIPK2,,,
HLA-B,,,
MTMR1,,,
ZC2HC1A,,,
ZNF823,,,
SYNPO2,,,
U2AF1,,,
VSIR,,,
YBEY,,,
BAIAP2-DT,,,
SLC25A12,,,
LINS1,,,
AEBP1,,,
TSPAN31,,,
BICD2,,,
MALT1,,,
TRIM23,,,
YY1,,,
SACM1L,,,
CMTM6,,,
MIR4655,,,
USP12,,,
GPBP1,,,
HTATIP2,,,
TIMP2,,,
CTR9,,,
SOCS5,,,
CD36,,,
AOC3,,,
NKX3-2,,,
ASTN2,,,
PKMYT1,,,
MIR1249,,,
PCCA,,,
MON2,,,
SNX14,,,
LRSAM1,,,
PAK4,,,
HGF,,,
PCYOX1,,,
MYLIP,,,
RBSN,,,
FNIP1,,,
ZSWIM7,,,
NSMCE4A,,,
MORC3,,,
DCAF8,,,
TMLHE,,,
SLC27A1,,,
RAB33B,,,
MRFAP1L1,,,
QNG1,,,
ZCRB1,,,
MDM1,,,
LYNX1,,,
STARD5,,,
PACS1,,,
STAG1,,,
APLNR,,,
SVEP1,,,
FPGS,,,
SENP7,,,
TMEM80,,,
ABHD5,,,
PFN1,,,
BHLHE22,,,
ZNF688,,,
TBC1D17,,,
CMPK1,,,
FHL1,,,
HIPK1,,,
KLF8,,,
ZFHX4,,,
JAK2,,,
SLC66A2,,,
PSMB1,,,
ZNF43,,,
CHST14,,,
MFF,,,
MARK3,,,
NATD1,,,
COX6B1,,,
ARHGEF9,,,
GSDMA,,,
SDHAF2,,,
NLGN2,,,
